{
  "count": 83863,
  "mean": 29.649392461514612,
  "std": 15.292597514769328,
  "min": 6,
  "max": 196
}